Date,Product,Region,Revenue
2024-03-15,Product A,North,893.66
2024-03-15,Product A,South,788.83
2024-03-15,Product A,East,704.23
2024-03-15,Product B,North,688.03
2024-03-15,Product B,South,600.86
2024-03-15,Product B,East,497.31
2024-03-15,Product C,North,491.16
2024-03-15,Product C,South,450.13
2024-03-15,Product C,East,392.6
2024-03-15,Product D,North,299.2
2024-03-15,Product D,South,275.18
2024-03-15,Product D,East,245.91
2024-04-15,Product A,North,924.2
2024-04-15,Product A,South,812.08
2024-04-15,Product A,East,706.7
2024-04-15,Product B,North,713.02
2024-04-15,Product B,South,604.26
2024-04-15,Product B,East,521.68
2024-04-15,Product C,North,516.59
2024-04-15,Product C,South,449.04
2024-04-15,Product C,East,417.81
2024-04-15,Product D,North,303.4
2024-04-15,Product D,South,284.58
2024-04-15,Product D,East,254.09
2024-05-15,Product A,North,941.22
2024-05-15,Product A,South,790.92
2024-05-15,Product A,East,729.8
2024-05-15,Product B,North,752.02
2024-05-15,Product B,South,594.71
2024-05-15,Product B,East,527.03
2024-05-15,Product C,North,533.4
2024-05-15,Product C,South,449.5
2024-05-15,Product C,East,421.05
2024-05-15,Product D,North,312.7
2024-05-15,Product D,South,276.17
2024-05-15,Product D,East,259.57
2024-06-15,Product A,North,990.55
2024-06-15,Product A,South,802.48
2024-06-15,Product A,East,748.22
2024-06-15,Product B,North,767.53
2024-06-15,Product B,South,602.48
2024-06-15,Product B,East,534.13
2024-06-15,Product C,North,552.8
2024-06-15,Product C,South,456.31
2024-06-15,Product C,East,426.35
2024-06-15,Product D,North,328.79
2024-06-15,Product D,South,281.97
2024-06-15,Product D,East,273.26
2024-07-15,Product A,North,1022.25
2024-07-15,Product A,South,775.59
2024-07-15,Product A,East,787.51
2024-07-15,Product B,North,775.82
2024-07-15,Product B,South,602.83
2024-07-15,Product B,East,557.58
2024-07-15,Product C,North,554.92
2024-07-15,Product C,South,453.41
2024-07-15,Product C,East,433.39
2024-07-15,Product D,North,339.92
2024-07-15,Product D,South,285.23
2024-07-15,Product D,East,276.76
2024-08-15,Product A,North,1059.02
2024-08-15,Product A,South,777.95
2024-08-15,Product A,East,798.17
2024-08-15,Product B,North,570.19
2024-08-15,Product B,South,425.57
2024-08-15,Product B,East,395.3
2024-08-15,Product C,North,587.52
2024-08-15,Product C,South,462.6
2024-08-15,Product C,East,452.09
2024-08-15,Product D,North,350.07
2024-08-15,Product D,South,277.84
2024-08-15,Product D,East,285.13
